﻿pos_x,pos_y,rotation,side,designator,mpn,pack,footprint,value,mount_type
174.5,-81.0,0.0,top,C1,,,C_Disc_D4.3mm_W1.9mm_P5.00mm,3p3,tht
179.5,-84.5,0.0,top,C2,,,C_Disc_D5.0mm_W2.5mm_P5.00mm,150p,tht
179.5,-99.0,0.0,top,C3,,,C_Axial_L5.1mm_D3.1mm_P15.00mm_Horizontal,47u,tht
179.5,-92.5,0.0,top,C4,,,C_Axial_L5.1mm_D3.1mm_P7.50mm_Horizontal,100n,tht
189.5,-78.0,-90.0,top,C5,,,C_Disc_D5.0mm_W2.5mm_P5.00mm,6p8,tht
183.249999,-58.5,-90.0,top,C6,,,GXA5R000,1.5...5p,smt
188.6,-86.8,90.0,top,C7,,,GXA5R000,15...5p,smt
203.8,-78.0,180.0,top,D1,,,D_DO-35_SOD27_P10.16mm_Horizontal,1N4148,tht
193.6625,-50.75,180.0,top,J1,,,SWITCHCRAFT_PJRAN1X1U04X,Conn_Coaxial,tht
209.0,-50.5,180.0,top,J2,,,SWITCHCRAFT_PJRAN1X1U04X,Conn_Coaxial,tht
214.5,-79.0,-90.0,top,J3,,,VF330,Conn_Coaxial,smt
179.5,-105.5,0.0,top,J4,,,JST_XH_B2B-XH-A_1x02_P2.50mm_Vertical,Conn_01x02_Socket,tht
191.0,-60.0,0.0,top,P1,,,Potentiometer_Runtron_RM-065_Vertical,10K,tht
206.5,-60.0,0.0,top,P2,,,Potentiometer_Runtron_RM-065_Vertical,10K,tht
174.5,-78.08,90.0,top,Q2,,,TO-38-3,Q_NJFET_GDS,tht
174.5,-98.0,90.0,top,R1,,,R_Axial_DIN0207_L6.3mm_D2.5mm_P13mm_Horizontal_copy,100,tht
190.85,-70.0,0.0,top,R2,,,R_Axial_DIN0207_L6.3mm_D2.5mm_P13mm_Horizontal_copy,3k9,tht
190.85,-74.0,0.0,top,R3,,,R_Axial_DIN0207_L6.3mm_D2.5mm_P13mm_Horizontal_copy,3k9,tht
