﻿Designator,Quantity,Value,Footprint,Package,MPN,DNP,Mount_Type,Sim.Device,Sim.Pins,Description
C1,1,3p3,C_Disc_D4.3mm_W1.9mm_P5.00mm,,,,tht,,,
C2,1,150p,C_Disc_D5.0mm_W2.5mm_P5.00mm,,,,tht,,,
C3,1,47u,C_Axial_L5.1mm_D3.1mm_P15.00mm_Horizontal,,,,tht,,,
C4,1,100n,C_Axial_L5.1mm_D3.1mm_P7.50mm_Horizontal,,,,tht,,,
C5,1,6p8,C_Disc_D5.0mm_W2.5mm_P5.00mm,,,,tht,,,
C6,1,1.5...5p,GXA5R000,,,,smt,,,
C7,1,15...5p,GXA5R000,,,,smt,,,
D1,1,1N4148,D_DO-35_SOD27_P10.16mm_Horizontal,,,,tht,D,1=K 2=A,
"J1, J2",2,Conn_Coaxial,SWITCHCRAFT_PJRAN1X1U04X,,,,tht,,,
J3,1,Conn_Coaxial,VF330,,,,smt,,,
J4,1,Conn_01x02_Socket,JST_XH_B2B-XH-A_1x02_P2.50mm_Vertical,,,,tht,,,"Generic connector, single row, 01x02, script generated"
"P1, P2",2,10K,Potentiometer_Runtron_RM-065_Vertical,,,,tht,,,
Q2,1,Q_NJFET_GDS,TO-38-3,,,,tht,,,"N-JFET transistor, source/drain/gate"
R1,1,100,R_Axial_DIN0207_L6.3mm_D2.5mm_P13mm_Horizontal_copy,,,,tht,,,
"R2, R3",2,3k9,R_Axial_DIN0207_L6.3mm_D2.5mm_P13mm_Horizontal_copy,,,,tht,,,
